{
  "devices": {
    "c320_line1": {
      "name": "C320 - Production Line 1",
      "manufacturer": "Rinstrum",
      "model": "C320",
      "protocol": "RINCMD",
      "connection": {
        "connection_type": "Tcp",
        "host": "192.168.1.254",
        "port": 4001,
        "timeout_ms": 3000
      },
      "commands": {
        "readGross": "20050026",
        "readNet": "20050025",
        "tare": "21120008:0C",
        "zero": "21120008:0B"
      }
    },
    "dini_argeo_lab": {
      "name": "Dini Argeo - Lab Scale",
      "manufacturer": "Dini Argeo",
      "model": "DGTQ",
      "protocol": "ASCII",
      "connection": {
        "connection_type": "Serial",
        "port": "/dev/ttyUSB0",
        "baud_rate": 9600,
        "timeout_ms": 1000
      },
      "commands": {
        "readGross": "W",
        "readNet": "N",
        "tare": "T",
        "zero": "Z"
      }
    }
  }
}